{
    "main": {
        "intent": "greet",
        "response": "utter_main_menu",
        "mobile_branch": {
            "intent": "mobile",
            "response": "utter_mobile_menu",
            "prepaid_branch": {
                "intent": "prepaid",
                "response": "utter_response",
                "prepaid_offer1_branch": {
                    "intent": "prepaid_offer1",
                    "response": "utter_prepaid_offer1"
                },
                "prepaid_offer2_branch": {
                    "intent": "prepaid_offer1",
                    "response": "utter_prepaid_offer1"
                }
            },
            "postpaid_branch": {
                "intent": "postpaid",
                "response": "utter_response",
                "postpaid_offer1_branch": {
                    "intent": "postpaid_offer1",
                    "response": "utter_postpaid_offer1"
                },
                "postpaid_offer2_branch": {
                    "intent": "postpaid_offer1",
                    "response": "utter_postpaid_offer1"
                }
            }
        },
        "home_branch": {
            "intent": "home",
            "response": "utter_home",
            "home_branch1": {
                "intent": "home1",
                "response": "utter_home1",
                "home_offer1_branch": {
                    "intent": "home_offer1",
                    "response": "utter_home_offer1"
                },
                "home_offer2_branch": {
                    "intent": "home_offer1",
                    "response": "utter_home_offer1"
                }
            }
        }
    }
}